"helico ",photos/helicoptere.png,1,20,1,bleu,helico,zzzzzzzzzzzzzzzzzzzzzzzzzzzzzzzzzzzzzzzzzzzzzzzzzz,,,,,,,,,,,,,,,notices/bateau.pdf
chie,photos/bateau.png,0,30,1,rouge,"bateau ",zzzzzzzzzzzzzzzzzzzzzzzzzzzzzzzzzzzzzzzzzzzzzzzzzz,,,,,,,,,,,,,,,notices/bateau.pdf
"helico ",photos/helicoptere.png,1,20,1,bleu,helico,zzzzzzzzzzzzzzzzzzzzzzzzzzzzzzzzzzzzzzzzzzzzzzzzzz,,,,,,,,,,,,,,,notices/bateau.pdf
"helico ",photos/helicoptere.png,1,20,1,bleu,helico,zzzzzzzzzzzzzzzzzzzzzzzzzzzzzzzzzzzzzzzzzzzzzzzzzz,,,,,,,,,,,,,,,notices/bateau.pdf
"helico ",photos/helicoptere.png,1,20,1,bleu,helico,zzzzzzzzzzzzzzzzzzzzzzzzzzzzzzzzzzzzzzzzzzzzzzzzzz,,,,,,,,,,,,,,,notices/bateau.pdf
sqsqs,photos/helicoptere.png,1,25,2,vert,helico,zzzzzzzzzzzzzzzzzzzzzzzzzzzzzzzzzzzzzzzzzzzzzzzzzz,,,,,,,,,,,,,,,notices/bateau.pdf
sqsqs,photos/helicoptere.png,1,25,2,vert,helico,zzzzzzzzzzzzzzzzzzzzzzzzzzzzzzzzzzzzzzzzzzzzzzzzzz,,,,,,,,,,,,,,,notices/bateau.pdf
Bateau,,,"Prix materiel: 30â‚¬zzzzzzzzzzzzzz",,,,zzzzzzzzzzzzzzzzzzzzzzzzzzzGHGRZLGZBGBLR
chie
"helico "
"helico "
"helico "
"helico "
"Entrer le nom de votre Recette;carre.png;1;zzzzzzzzzzzzzzz;2;;TD5_ABR.pdf;0;"" zzzzzzzz"""
"Entrer le nom de votre Recette;carre.png;1;zzzzzzzzzzzzzzz;2;;TD5_ABR.pdf;0;"" zzzzzzzz"""
"Etoile noir;carre.png;1;87;3;;TD4_arbre.pdf;0;"" etoile noir"""
"Etoile noir"
"Etoile noir"
"Etoile noir"
"Etoile noir"
"Etoile noir"
"Etoile noir"
